Altura,Peso,Categoria,Altura_MinMax,Altura_ZScore,Altura_Rango,Altura_Centrado,Altura_DecimalScaling,Peso_MinMax,Peso_ZScore,Peso_Rango,Peso_Centrado,Peso_DecimalScaling,Altura_discretizado,Peso_discretizado,Altura_MinMax_discretizado,Altura_ZScore_discretizado,Altura_Rango_discretizado,Altura_Centrado_discretizado,Altura_DecimalScaling_discretizado,Peso_MinMax_discretizado,Peso_ZScore_discretizado,Peso_Rango_discretizado,Peso_Centrado_discretizado,Peso_DecimalScaling_discretizado
1.7,70.0,A,0.3333333333333333,-0.32274861218394996,-0.33333333333333337,-0.016666666666666607,0.16999999999999998,0.4,-0.2198693735754575,-0.19999999999999996,-1.75,0.7,1,1,1,1,1,1,1,1,2,1,1,1
1.65,71.75,B,0.0,-1.290994448735804,-1.0,-0.06666666666666665,0.16499999999999998,0.47,0.0,-0.06000000000000005,0.0,0.7175,0,2,0,0,0,0,0,2,2,2,2,2
1.7,60.0,A,0.3333333333333333,-0.32274861218394996,-0.33333333333333337,-0.016666666666666607,0.16999999999999998,0.0,-1.4762657940066433,-1.0,-11.75,0.6,1,0,1,1,1,1,1,0,0,0,0,0
1.8,85.0,A,1.0,1.6137430609197583,1.0,0.08333333333333348,0.18,1.0,1.664725257071321,1.0,13.25,0.85,4,4,4,4,4,4,4,4,4,4,4,4
1.75,71.75,B,0.6666666666666666,0.6454972243679042,0.33333333333333326,0.03333333333333344,0.175,0.47,0.0,-0.06000000000000005,0.0,0.7175,3,2,3,3,3,3,3,2,2,2,2,2
1.7,72.0,A,0.3333333333333333,-0.32274861218394996,-0.33333333333333337,-0.016666666666666607,0.16999999999999998,0.48,0.03140991051077964,-0.040000000000000036,0.25,0.72,1,2,1,1,1,1,1,2,2,2,2,2
